{
  "id": "3518464",
  "name": "黑马头条",
  "font_family": "iconfont",
  "css_prefix_text": "icon-",
  "description": "黑马头条的素材",
  "glyphs": [
    {
      "icon_id": "30539790",
      "name": "评论",
      "font_class": "pinglun",
      "unicode": "e609",
      "unicode_decimal": 58889
    },
    {
      "icon_id": "30539791",
      "name": "关闭",
      "font_class": "guanbi",
      "unicode": "e60a",
      "unicode_decimal": 58890
    },
    {
      "icon_id": "30539792",
      "name": "删除",
      "font_class": "shanchu",
      "unicode": "e60b",
      "unicode_decimal": 58891
    },
    {
      "icon_id": "30539793",
      "name": "更多",
      "font_class": "gengduo",
      "unicode": "e60c",
      "unicode_decimal": 58892
    },
    {
      "icon_id": "30539794",
      "name": "分享",
      "font_class": "fenxiang",
      "unicode": "e60d",
      "unicode_decimal": 58893
    },
    {
      "icon_id": "30539795",
      "name": "历史",
      "font_class": "lishi",
      "unicode": "e60e",
      "unicode_decimal": 58894
    },
    {
      "icon_id": "30539796",
      "name": "点赞",
      "font_class": "dianzan",
      "unicode": "e60f",
      "unicode_decimal": 58895
    },
    {
      "icon_id": "30539797",
      "name": "点赞2",
      "font_class": "dianzan2",
      "unicode": "e610",
      "unicode_decimal": 58896
    },
    {
      "icon_id": "30539798",
      "name": "视频",
      "font_class": "shipin",
      "unicode": "e611",
      "unicode_decimal": 58897
    },
    {
      "icon_id": "30539799",
      "name": "搜索",
      "font_class": "sousuo",
      "unicode": "e612",
      "unicode_decimal": 58898
    },
    {
      "icon_id": "30539800",
      "name": "手机",
      "font_class": "shouji",
      "unicode": "e613",
      "unicode_decimal": 58899
    },
    {
      "icon_id": "30539801",
      "name": "首页",
      "font_class": "shouye",
      "unicode": "e614",
      "unicode_decimal": 58900
    },
    {
      "icon_id": "30539802",
      "name": "收藏",
      "font_class": "shoucang",
      "unicode": "e615",
      "unicode_decimal": 58901
    },
    {
      "icon_id": "30539803",
      "name": "我的",
      "font_class": "wode",
      "unicode": "e616",
      "unicode_decimal": 58902
    },
    {
      "icon_id": "30539804",
      "name": "左箭头",
      "font_class": "zuojiantou",
      "unicode": "e617",
      "unicode_decimal": 58903
    },
    {
      "icon_id": "30539805",
      "name": "验证码",
      "font_class": "yanzhengma",
      "unicode": "e618",
      "unicode_decimal": 58904
    },
    {
      "icon_id": "30539806",
      "name": "阅读",
      "font_class": "yuedu",
      "unicode": "e619",
      "unicode_decimal": 58905
    },
    {
      "icon_id": "30539807",
      "name": "无网络",
      "font_class": "wuwangluo",
      "unicode": "e61a",
      "unicode_decimal": 58906
    },
    {
      "icon_id": "30539808",
      "name": "问答",
      "font_class": "wenda",
      "unicode": "e61b",
      "unicode_decimal": 58907
    },
    {
      "icon_id": "30539809",
      "name": "右箭头",
      "font_class": "youjiantou",
      "unicode": "e61c",
      "unicode_decimal": 58908
    },
    {
      "icon_id": "30539810",
      "name": "作品",
      "font_class": "zuopin",
      "unicode": "e61d",
      "unicode_decimal": 58909
    }
  ]
}
